{
  "best_val_loss": 0.005919177376199514,
  "n_trials": 40,
  "epochs_per_trial": 80,
  "lr": 0.0007053908935402008,
  "weight_decay": 4.846472490646443e-05,
  "batch_size": 32,
  "beta": 0.2999168580492462,
  "alfa": 0.2283662112870022,
  "w_filter": 0.010215104235298781,
  "wmag": 0.5149088475228906
}