{
  "resunet_v9_n100": {
    "arch": "resunet_v9",
    "n_samples": 100,
    "n_runs": 5,
    "seeds": [
      42,
      123,
      456,
      789,
      1337
    ],
    "val_losses": [
      0.4148871600627899,
      0.39724263548851013,
      0.494958758354187,
      0.33995404839515686,
      0.47462424635887146
    ],
    "mean": 0.42433336973190305,
    "std": 0.06216937835093426
  },
  "antenna_nn_n100": {
    "arch": "antenna_nn",
    "n_samples": 100,
    "n_runs": 5,
    "seeds": [
      42,
      123,
      456,
      789,
      1337
    ],
    "val_losses": [
      0.43224722146987915,
      0.3721845746040344,
      0.4746343791484833,
      0.3240562975406647,
      0.46190905570983887
    ],
    "mean": 0.4130063056945801,
    "std": 0.06351816456018147
  },
  "resunet_v9_n250": {
    "arch": "resunet_v9",
    "n_samples": 250,
    "n_runs": 5,
    "seeds": [
      42,
      123,
      456,
      789,
      1337
    ],
    "val_losses": [
      0.2558245211839676,
      0.30832839012145996,
      0.39530517160892487,
      0.3273078054189682,
      0.2765807583928108
    ],
    "mean": 0.3126693293452263,
    "std": 0.05384126746747017
  },
  "antenna_nn_n250": {
    "arch": "antenna_nn",
    "n_samples": 250,
    "n_runs": 5,
    "seeds": [
      42,
      123,
      456,
      789,
      1337
    ],
    "val_losses": [
      0.30879296362400055,
      0.26407021284103394,
      0.4407765567302704,
      0.3367433100938797,
      0.29867221415042877
    ],
    "mean": 0.32981105148792267,
    "std": 0.06725816797470044
  },
  "resunet_v9_n500": {
    "arch": "resunet_v9",
    "n_samples": 500,
    "n_runs": 5,
    "seeds": [
      42,
      123,
      456,
      789,
      1337
    ],
    "val_losses": [
      0.1265909383073449,
      0.1652732864022255,
      0.16762643866240978,
      0.1774810366332531,
      0.1732206679880619
    ],
    "mean": 0.16203847359865903,
    "std": 0.020382169598061564
  },
  "antenna_nn_n500": {
    "arch": "antenna_nn",
    "n_samples": 500,
    "n_runs": 5,
    "seeds": [
      42,
      123,
      456,
      789,
      1337
    ],
    "val_losses": [
      0.1853937953710556,
      0.21827102079987526,
      0.2205192781984806,
      0.22956104576587677,
      0.24075794965028763
    ],
    "mean": 0.21890061795711518,
    "std": 0.020719020748953314
  },
  "resunet_v9_n1000": {
    "arch": "resunet_v9",
    "n_samples": 1000,
    "n_runs": 5,
    "seeds": [
      42,
      123,
      456,
      789,
      1337
    ],
    "val_losses": [
      0.05606757051178387,
      0.07130448147654533,
      0.06947499034660203,
      0.05502527153917721,
      0.06490389949509076
    ],
    "mean": 0.06335524267383982,
    "std": 0.007508971829029625
  },
  "antenna_nn_n1000": {
    "arch": "antenna_nn",
    "n_samples": 1000,
    "n_runs": 5,
    "seeds": [
      42,
      123,
      456,
      789,
      1337
    ],
    "val_losses": [
      0.11243913641997746,
      0.11756433014358793,
      0.15078438712017878,
      0.12791403276579721,
      0.14392865981374467
    ],
    "mean": 0.13052610925265723,
    "std": 0.016522677077246188
  }
}