{
  "best_val_loss": 0.026709951970371463,
  "n_trials": 50,
  "epochs_per_trial": 150,
  "lr": 0.0006160826709843954,
  "weight_decay": 1.887231272066392e-05,
  "lr_patience": 8,
  "lr_factor": 0.5914833419175128,
  "base_ch": 128,
  "batch_size": 16,
  "w_ri": 0.2482358543509931,
  "w_slope": 0.001708575867555469,
  "w_curv": 0.01856407513755408,
  "w_passivity": 0.19933471046497364
}